workplan_number,First Name,Last Name,Gender,Email,Occupation
1,Victoria,Cooper,Female,v.cooper@randatmail.com,Dancer
2,Camila,Johnston,Female,c.johnston@randatmail.com,Interior Designer
3,Lily,Watson,Female,l.watson@randatmail.com,Insurer
4,Jessica,Warren,Female,j.warren@randatmail.com,Mathematician
5,Mike,Hunt,Male,m.hunt@randatmail.com,Social Worker
6,Roland,Thompson,Male,r.thompson@randatmail.com,Architect
7,Ashton,Morrison,Male,a.morrison@randatmail.com,Fashion Designer
8,Miller,Alexander,Male,m.alexander@randatmail.com,Journalist
9,Fiona,Mason,Female,f.mason@randatmail.com,Lawer
10,Adrianna,Barnes,Female,a.barnes@randatmail.com,Archeologist
11,Myra,West,Female,m.west@randatmail.com,Driver
12,Amber,Wright,Female,a.wright@randatmail.com,Historian
13,Paul,Wright,Male,p.wright@randatmail.com,Manager
14,Alfred,Montgomery,Male,a.montgomery@randatmail.com,Economist
15,Briony,Tucker,Female,b.tucker@randatmail.com,Scientist
16,Adelaide,Miller,Female,a.miller@randatmail.com,Florist
17,Cherry,Rogers,Female,c.rogers@randatmail.com,Botanist
18,Victor,Crawford,Male,v.crawford@randatmail.com,Carpenter
19,Owen,Williams,Male,o.williams@randatmail.com,Meteorologist
20,Anna,Clark,Female,a.clark@randatmail.com,Geologist
